Designator,Name,Value,Description,Footprint,LibRef,Quantity

"C201","CAP_0805","4u7","Capacitor SMD 0805","CAP_0805","CMP-001-00086-4","1"
"C202, C203, C303, C502, C503, C505, C507","CAP_0805","100n","Capacitor SMD 0805","CAP_0805","CMP-001-00086-4","7"
"C204, C205","CAP_0805","12p","Capacitor SMD 0805","CAP_0805","CMP-001-00086-4","2"
"C206, C207","CAP_0805","1u","Capacitor SMD 0805","CAP_0805","CMP-001-00086-4","2"
"C301, C306","B32021A3472K000","4n7","Film Capacitor, Polypropylene, 1500V, 10% +Tol, 10% -Tol, 0.0047uF, Through Hole Mount","CAP_10","CMP-001-00098-1","2"
"C302, C304, C305","B32921C3103K000","10n","Film Capacitor, Polypropylene, 630V, 10% +Tol, 10% -Tol, 0.01uF, Through Hole Mount","CAP_10","CMP-001-00099-1","3"
"C401, C402","CAP_0805","10n","Capacitor SMD 0805","CAP_0805","CMP-001-00086-4","2"
"C501","CAP_0805","10u","Capacitor SMD 0805","CAP_0805","CMP-001-00086-4","1"
"D201, D206, D302","LED_0805_RED","","LED 0805 RED SMD","LED_0805_BLUE","CMP-004-00066-2","3"
"D202, D203, D204, D205, D401, D402, D403","H3V3SD3B","","Bidirectional TVS Diode SMD SOD-323","SOD-323","CMP-004-00068-3","7"
"D301","BTA12-600SWRG","","TRIAC 600V 126A 3-Pin(3+Tab) TO-220AB Insulated Tube / TRIAC SENS GATE 600V 12A TO220AB","ONSC-TO-220-3-221A-09","CMP-013-00035-2","1"
"D502","1N4148W-7-F","2pF","Small Signal Diode, Single, 100 V, 300 Ma, 1.25 V, 4 Ns, 2 A Rohs Compliant: Yes","DIOD-SOD123-2_V","CMP-004-00069-1","1"
"F301","64600001223","","FUSE BLOCK CART 250V 6.3A PCB","FP-64600001223-MFG","CMP-08604-000020-1","1"
"F302","0466.500NRHF","","FUSE BOARD MOUNT 500MA 63VAC/VDC","FP-0466-MFG","CMP-08605-000090-1","1"
"HS301","XSD683-022","","XSD XSD683-022 Extruded Aluminium Aluminum Heat Sink 6063-T5 35.5*11*25mm TO-220","XSD683-022-Footprint-1","CMP-010-000001-1","1"
"J201","FTSH-105-01-F-DV-K","","Conn Unshrouded Header HDR 10 POS 1.27mm Solder ST Top Entry SMD Tube","SMTC-FTSH-105-01-L-DV-K_V","CMP-002-00168-1","1"
"J202","LDK130M33R","","Fixed 3.3V 300mA low quiescent current and low noise LDO","SOT23-5L_1P75X3P05X0P95_STM","CMP-019-00053-2","1"
"J301","KF7.62-3P","","P=7.62mm Barrier Terminal Blocks ROHS","KF7.62-3P-Footprint-1","CMP-002-00160-1","1"
"J302","KF7.62-2P","","P=7.62mm Barrier Terminal Blocks ROHS","KF7.62-2P-Footprint-1","CMP-002-00169-1","1"
"J401","PEC11R-4220F-S0024","","XH Series 5 Position Single Row 2.50 mm Male Pin Shrouded Header","FP-B5B-XH-AM_LF_SN-MFG","CMP-002-00166-1","1"
"J402","1.3"" I2C OLED","","Conn Shrouded Header (4 Sides) HDR 4 POS 2.5mm Solder ST Top Entry Thru-Hole Box","FP-B4B-XH-AM_LF_SN-MFG","CMP-002-00165-1","1"
"J501","5V Fan","","(Reversed pads) Conn Shrouded Header HDR 2 POS 2.5mm Solder ST Thru-Hole Box","FP-B2B-XH-AM_LF_SN-MFG-1","CMP-002-00167-1","1"
"J502","PCC-SMP-K","","Circuit Board Mountable Thermocouple Connector Dwyer Instruments DwyerOmega","FP-PRT-13612-MFG","CMP-002-00161-1","1"
"J503","1000:1 Current Trans.","","(Reversed pads) Conn Shrouded Header HDR 2 POS 2.5mm Solder ST Thru-Hole Box","FP-B2B-XH-AM_LF_SN-MFG-1","CMP-002-00167-1","1"
"MT101","M3 Hole + Bolt","","Mounting Hole for an M3 Bolt, unisolated. For use with nylon bolts and washers.","M3 Bolt Hole (No Ground_Floating)-Footprint-1","CMP-00028-00007-2","1"
"Q501","AO3400A","","MOSFET N-CH 30V 5.7A SOT23","FP-SOT23-MFG","CMP-83955-000006-1","1"
"R201, R204, R502","RES_0805","1k","Resistor SMD 0805","RES_0805","CMP-009-00180-4, CMP-009-00180-5","3"
"R202, R203","RES_0805","4k7","Resistor SMD 0805","RES_0805","CMP-009-00180-4","2"
"R301","330R","330R","Metal Film Resistors 330O 1W ±1% Through Hole Resistors ROHS","RES-HORZNTL-950X350-15","CMP-009-00186-2","1"
"R302, R303","MFR01SF390JA10","39R","Metal Film Resistors 39O 1W ±50ppm/? ±1% Plugin, D3.5xL9.5mm Through Hole Resistors ROHS","RES-HORZNTL-950X350-15","CMP-009-00186-2","2"
"R304","V275LA20AP","450pF","VARISTOR 430V 4.5KA DISC 14MM","FP-V275LA20AP-MFG","CMP-2000-07379-2","1"
"R305","RES_0805","220R","Resistor SMD 0805","RES_0805","CMP-009-00180-4","1"
"R306, R401, R402, R403, R404, R405, R503","RES_0805","10k","Resistor SMD 0805","RES_0805","CMP-009-00180-4","7"
"R307, R310","15k","15k","Metal Film Resistors 15kO 1W ±1% Through Hole Resistors ROHS","RES-HORZNTL-950X350-15","CMP-009-00186-2","2"
"R308","RES_0805","18k","Resistor SMD 0805","RES_0805","CMP-009-00180-4","1"
"R309","RES_0805","1k8","Resistor SMD 0805","RES_0805","CMP-009-00180-4","1"
"R501","RES_1206","0R25","Resistor SMD 1206","RES_1206","CMP-009-00181-3","1"
"R504","RES_1206","8R2","Resistor SMD 1206","RES_1206","CMP-009-00181-3","1"
"SW201","TS-1109","","Tactile Switch, SPST, 12 V, 50 mA, -20 to 80 degC, 4-Pin THD","BEST-TS-1109_V","CMP-011-00002-3","1"
"U201","STM32C091FCP6","","ARM MCU, STM32 Family STM32C0 Series Microcontrollers, ARM Cortex-M0+, 32 bit, 48 MHz, 256 KB","TSSOP-20","CMP-020-00024-2","1"
"U301","MOC3163M","","Triac Driver Output Optocoupler, 6-Pin DIP 600V Zero Crossing","DIP-6-WHITE","CMP-00026-00005-1","1"
"U302","HLK-PM01","","Input voltage (AC) : 100VAC to 240VAC Output voltage: 5V Output current (Max.) : 600mA Output power: 3W PM_34X20MM_TM","HLK-PM01-Footprint-1","CMP-019-00051-4","1"
"U303","H11AA1M","","Optocoupler AC-IN 1-CH Transistor With Base DC-OUT 6-Pin PDIP Bulk","DIP-6","CMP-00026-00004-1","1"
"U501, U503","INA219AIDR","","Zero-Drift, Bi-Directional Current / Power Monitor, 3 to 5.5 V, -40 to 125 degC, 8-pin SOIC (D8), Green (RoHS & no Sb/Br)","D0008A_L","CMP-0704-00003-2","2"
"U502","MAX31855KASA+T","","Thermocouple to Digital Converter IC Thermocouple (Multiple) Input Digital Output 8-SOIC","SOIC127P600X175-8N","CMP-015-00009-2","1"
"X201","TSX-3225 24MHz 9pF","","Crystal SMD 24MHz 10PPM 9pF 3225","XTAL_3225","CMP-003-00033-1","1"
